Patient Count,Age,Disease,Insurer Cost,Patient % of Cost,Patient Cost,Per Patient Cost,Total Cost
1405,1,Acid Reflux,3901661.77,0.168506434,790691.76,3339.753402,4692353.53
304,2,Acid Reflux,858277.65,0.170996911,177035.32,3405.63477,1035312.97
142,3,Acid Reflux,420850.93,0.167017221,84382.72,3557.983451,505233.65
107,4,Acid Reflux,307946.39,0.167047854,61758.39,3455.18486,369704.78
98,5,Acid Reflux,392417.36,0.147309852,67793.61,4696.030306,460210.97
93,6,Acid Reflux,273932.52,0.165479863,54319.02,3529.586452,328251.54
112,7,Acid Reflux,321972.12,0.171963805,66866.1,3471.769821,388838.22
133,8,Acid Reflux,377766.8,0.168049189,76306.68,3414.086316,454073.48
105,9,Acid Reflux,329434.81,0.153880734,59913.15,3708.07581,389347.96
113,10,Acid Reflux,339812.92,0.166324398,67795.17,3607.151239,407608.09
107,11,Acid Reflux,287461.25,0.17278526,60043.74,3247.710187,347504.99
118,12,Acid Reflux,326156.29,0.174251394,68826.26,3347.309746,394982.55
134,13,Acid Reflux,384818.22,0.172614057,80283.01,3470.904701,465101.23
147,14,Acid Reflux,495443.83,0.164072218,97243.53,4031.886803,592687.36
176,15,Acid Reflux,518687.43,0.168281803,104946.19,3543.372841,623633.62
213,16,Acid Reflux,602841.43,0.172881695,126004.04,3421.809718,728845.47
221,17,Acid Reflux,681891.34,0.164196324,133959.75,3691.633891,815851.09
252,18,Acid Reflux,753929.98,0.172718983,157404.82,3616.407937,911334.8
237,19,Acid Reflux,716006.25,0.180972808,158209.23,3688.672911,874215.48
229,20,Acid Reflux,689320.62,0.170620386,141807.38,3629.379913,831128
253,21,Acid Reflux,760275.6,0.178121358,164770.46,3656.308538,925046.06
291,22,Acid Reflux,875377.77,0.182573937,195517.58,3680.052749,1070895.35
310,23,Acid Reflux,958826.86,0.173287074,200979.44,3741.310645,1159806.3
357,24,Acid Reflux,1060830.51,0.175692923,226105.56,3604.862941,1286936.07
391,25,Acid Reflux,1080917.01,0.181042636,238952.69,3375.625831,1319869.7
389,26,Acid Reflux,1212981.77,0.170003817,248448.77,3756.890848,1461430.54
425,27,Acid Reflux,1342169.31,0.178670259,291972.55,3845.039671,1634141.86
457,28,Acid Reflux,1456317.41,0.176657473,312469.41,3870.430678,1768786.82
435,29,Acid Reflux,1408617.29,0.178236328,305521.87,3940.549793,1714139.16
516,30,Acid Reflux,1780895.98,0.176881453,382700,4193.015465,2163595.98
506,31,Acid Reflux,1711310.69,0.17520899,363530.9,4100.477451,2074841.59
486,32,Acid Reflux,1573039.41,0.17701967,338354.28,3932.908827,1911393.69
533,33,Acid Reflux,1897467.17,0.176710658,407271.97,4324.088443,2304739.14
615,34,Acid Reflux,2197628.66,0.180320417,483453.93,4359.483886,2681082.59
586,35,Acid Reflux,2085234.04,0.176931742,448254.55,4323.359369,2533488.59
618,36,Acid Reflux,2142982.3,0.179083715,467493.75,4224.071278,2610476.05
655,37,Acid Reflux,2397551.9,0.174131802,505516.54,4432.165557,2903068.44
701,38,Acid Reflux,2582742.09,0.181089394,571133.4,4499.109116,3153875.49
720,39,Acid Reflux,2641343.33,0.179471587,577732.68,4470.938903,3219076.01
743,40,Acid Reflux,2817088.59,0.179274117,615346.83,4619.697739,3432435.42
757,41,Acid Reflux,2757205.83,0.180121728,605739.53,4442.464148,3362945.36
748,42,Acid Reflux,2903092.82,0.179652271,635763.59,4731.091457,3538856.41
853,43,Acid Reflux,3238267.85,0.179513314,708496.8,4626.922216,3946764.65
844,44,Acid Reflux,3331731.39,0.178292936,722914.77,4804.083128,4054646.16
900,45,Acid Reflux,3749729.75,0.175777047,799682.2,5054.902167,4549411.95
896,46,Acid Reflux,3794431.09,0.173346299,795678.51,5122.890179,4590109.6
936,47,Acid Reflux,3955327.22,0.177856323,855665.47,5139.949455,4810992.69
972,48,Acid Reflux,4070060.63,0.175166484,864341.95,5076.545864,4934402.58
959,49,Acid Reflux,4373393.37,0.172249762,910076.41,5509.353264,5283469.78
987,50,Acid Reflux,4438878.28,0.175644839,945789.02,5455.58997,5384667.3
996,51,Acid Reflux,4454360.82,0.174520496,941728.12,5417.75998,5396088.94
1014,52,Acid Reflux,4889345.73,0.174756433,1035384.77,5842.929487,5924730.5
1000,53,Acid Reflux,4562394.28,0.178021821,988111.07,5550.50535,5550505.35
969,54,Acid Reflux,4631257.79,0.173369209,971313.32,5781.807131,5602571.11
908,55,Acid Reflux,4580682.09,0.172647946,955875.25,6097.53011,5536557.34
982,56,Acid Reflux,4897317.61,0.172888572,1023671.32,6029.520295,5920988.93
927,57,Acid Reflux,4749592.36,0.177697262,1026373.28,6230.815146,5775965.64
883,58,Acid Reflux,4372515.14,0.174117947,921842.72,5995.875266,5294357.86
943,59,Acid Reflux,5144448.73,0.171099769,1061905.83,6581.500064,6206354.56
883,60,Acid Reflux,4769586.51,0.169765602,975280.87,6506.078573,5744867.38
950,61,Acid Reflux,5368917.87,0.171033741,1107724.35,6817.518126,6476642.22
799,62,Acid Reflux,4650189.83,0.166700812,930266.62,6984.300939,5580456.45
806,63,Acid Reflux,4818802.98,0.166129101,960032.79,7169.771427,5778835.77
788,64,Acid Reflux,4778230.47,0.164373137,939908.43,7256.521447,5718138.9
806,65,Acid Reflux,5067182.17,0.156898177,942984.14,7456.782022,6010166.31
803,66,Acid Reflux,5317406.91,0.155323553,977792.78,7839.601108,6295199.69
727,67,Acid Reflux,4686137.84,0.159487175,889193.91,7668.957015,5575331.75
763,68,Acid Reflux,5081372.8,0.152448643,913984.01,7857.610498,5995356.81
623,69,Acid Reflux,4148481.25,0.152987425,749298.75,7861.605136,4897780
671,70,Acid Reflux,4361933.46,0.158266142,820148.05,7722.923264,5182081.51
639,71,Acid Reflux,4640072.25,0.153671905,842520.47,8579.957308,5482592.72
636,72,Acid Reflux,4303233.52,0.158705785,811782.66,8042.47827,5115016.18
494,73,Acid Reflux,3687418.11,0.151124283,656466.44,8793.288563,4343884.55
438,74,Acid Reflux,3229903.86,0.153531404,585835.88,8711.734566,3815739.74
364,75,Acid Reflux,3211309.72,0.143559235,538289.61,10301.09706,3749599.33
328,76,Acid Reflux,2607675.57,0.150330589,461371.68,9356.851372,3069047.25
268,77,Acid Reflux,2506718.08,0.142766273,417476.34,10911.17321,2924194.42
184,78,Acid Reflux,1633903.08,0.150800539,290147.93,10456.79897,1924051.01
78,79,Acid Reflux,713954.51,0.152132027,128104.08,10795.62295,842058.59
1202,1,Asthma,1828282,0.209656894,484994.33,1924.522737,2313276.33
1288,2,Asthma,1732449,0.228046442,511790.93,1742.422306,2244239.93
1126,3,Asthma,1436046.94,0.224038177,414620.06,1643.576377,1850667
1052,4,Asthma,1418542.66,0.231015814,426154.13,1753.514059,1844696.79
1013,5,Asthma,1402584.61,0.235509418,432081.04,1811.121076,1834665.65
940,6,Asthma,1217372.41,0.233066684,369952.57,1688.643596,1587324.98
839,7,Asthma,1094156.66,0.226193295,319835.56,1685.330417,1413992.22
811,8,Asthma,1082364.88,0.231671773,326362.33,1737.02492,1408727.21
745,9,Asthma,1024233.68,0.221861629,292027.95,1766.794134,1316261.63
745,10,Asthma,958197.23,0.235143697,294583.49,1681.584859,1252780.72
749,11,Asthma,1039706.23,0.233310374,316391.72,1810.54466,1356097.95
705,12,Asthma,1001580.9,0.225389761,291431.83,1834.06061,1293012.73
690,13,Asthma,997083.62,0.234090641,304746.17,1886.709841,1301829.79
718,14,Asthma,1063196.79,0.231281374,319879.87,1926.290613,1383076.66
674,15,Asthma,1022210.61,0.236574257,316767.83,1986.614896,1338978.44
665,16,Asthma,1105891.79,0.221950966,315473.37,2137.391218,1421365.16
602,17,Asthma,1069730.61,0.21319374,289855.18,2258.448156,1359585.79
591,18,Asthma,1079707.87,0.221745113,307636.93,2347.45313,1387344.8
506,19,Asthma,833177.7,0.233971028,254480.51,2149.522154,1087658.21
462,20,Asthma,812620.54,0.22903421,241408.77,2281.448723,1054029.31
438,21,Asthma,759695.35,0.230941143,228129.37,2255.30758,987824.72
434,22,Asthma,811383.29,0.229954829,242299.43,2427.840369,1053682.72
413,23,Asthma,859542.11,0.223959492,248057.43,2681.83908,1107599.54
463,24,Asthma,915307.59,0.229861551,273189.87,2566.949158,1188497.46
426,25,Asthma,841493.21,0.227880577,248355.31,2558.329859,1089848.52
393,26,Asthma,822460.09,0.224498935,238093.05,2698.608499,1060553.14
446,27,Asthma,1014217.22,0.215161847,278045.67,2897.450426,1292262.89
410,28,Asthma,959823.12,0.218460861,268295.95,2995.412366,1228119.07
445,29,Asthma,1008885.49,0.213753238,274280.99,2883.52018,1283166.48
445,30,Asthma,1001055.04,0.2163361,276348.5,2870.569753,1277403.54
428,31,Asthma,1062079.68,0.213787487,288801.49,3156.264416,1350881.17
442,32,Asthma,1034917.65,0.207546878,271049.38,2954.676538,1305967.03
505,33,Asthma,1228668.11,0.215706701,337924.53,3102.163644,1566592.64
433,34,Asthma,1060992.95,0.21441324,289580.92,3119.108245,1350573.87
426,35,Asthma,1028858.07,0.216624747,284507.48,3083.017723,1313365.55
426,36,Asthma,1067156.33,0.209796377,283326.38,3170.147207,1350482.71
426,37,Asthma,1214956.6,0.203149324,309741.36,3579.103192,1524697.96
466,38,Asthma,1327186.84,0.19973344,331244.12,3558.864721,1658430.96
463,39,Asthma,1307043.95,0.20448091,335963.7,3548.612635,1643007.65
427,40,Asthma,1148019.7,0.208932861,303209.46,3398.663138,1451229.16
453,41,Asthma,1344976.06,0.204048522,344795.36,3730.179735,1689771.42
447,42,Asthma,1382694.95,0.198509779,342460.16,3859.407405,1725155.11
475,43,Asthma,1343782.7,0.206480276,349663.17,3565.1492,1693445.87
482,44,Asthma,1581813.14,0.202360427,401304.54,4114.352033,1983117.68
476,45,Asthma,1553805.73,0.200593967,389894.55,4083.40395,1943700.28
460,46,Asthma,1501272.34,0.202824302,381966.63,4093.997761,1883238.97
498,47,Asthma,1646043.71,0.204132015,422193.41,4153.086586,2068237.12
452,48,Asthma,1447284.24,0.20483835,372828.99,4026.799181,1820113.23
481,49,Asthma,1678343.62,0.200711473,421453.34,4365.482245,2099796.96
442,50,Asthma,1565591.89,0.197722121,385841.56,4415.007805,1951433.45
493,51,Asthma,1847060.98,0.197672503,455067.5,4669.631805,2302128.48
418,52,Asthma,1709557.07,0.184503775,386782.58,5015.166627,2096339.65
422,53,Asthma,1574948.17,0.200912947,395986.24,4670.460687,1970934.41
405,54,Asthma,1662268.89,0.191828857,394558.93,5078.58721,2056827.82
413,55,Asthma,1798178.29,0.191980001,427234.81,5388.409443,2225413.1
400,56,Asthma,1654784.32,0.190540532,389523.5,5110.76955,2044307.82
391,57,Asthma,1687402.36,0.183318479,378767.03,5284.320691,2066169.39
374,58,Asthma,1747412.16,0.186315628,400118.53,5742.060668,2147530.69
334,59,Asthma,1498458.6,0.182542617,334613.84,5488.240838,1833072.44
330,60,Asthma,1569354.2,0.1876939,362619.72,5854.466424,1931973.92
344,61,Asthma,1742294.87,0.17369196,366234.62,6129.446192,2108529.49
309,62,Asthma,1361399.86,0.189243648,317772.75,5434.215566,1679172.61
274,63,Asthma,1304814.48,0.191257983,308573.29,5888.276533,1613387.77
264,64,Asthma,1351899.26,0.17830158,293350.66,6232.007273,1645249.92
278,65,Asthma,1542200.82,0.166831791,308806.94,6658.301295,1851007.76
247,66,Asthma,1180474.5,0.174427559,249411.53,5789.012267,1429886.03
231,67,Asthma,1390361.77,0.159620638,264083.63,7162.101299,1654445.4
217,68,Asthma,1344588.73,0.165882788,267401.42,7428.526037,1611990.15
209,69,Asthma,1178753.57,0.174672342,249471.4,6833.612297,1428224.97
178,70,Asthma,1108643.39,0.162268821,214744.61,7434.764045,1323388
192,71,Asthma,1270833.53,0.161655746,245051.53,7895.234688,1515885.06
183,72,Asthma,1092644.31,0.167941875,220538.36,7175.861585,1313182.67
141,73,Asthma,817654.82,0.170060187,167542.91,6987.217943,985197.73
135,74,Asthma,908735.45,0.162790976,176698.92,8040.254593,1085434.37
131,75,Asthma,921865.09,0.155842897,170188.85,8336.289618,1092053.94
100,76,Asthma,763782.63,0.154364102,139422.44,9032.0507,903205.07
60,77,Asthma,448872.08,0.153840211,81609.38,8841.357667,530481.46
49,78,Asthma,459074.2,0.155636429,84618.37,11095.76673,543692.57
21,79,Asthma,128475.12,0.171957476,26680.1,7388.34381,155155.22
3,1,Chronic Bronchitis,8540.66,0.109345002,1048.53,3196.396667,9589.19
6,2,Chronic Bronchitis,9507.99,0.138501364,1528.58,1839.428333,11036.57
4,3,Chronic Bronchitis,11747.23,0.156296482,2176.18,3480.8525,13923.41
2,4,Chronic Bronchitis,9378.54,0.142363331,1556.79,5467.665,10935.33
1,5,Chronic Bronchitis,0,,0,0,0
1,6,Chronic Bronchitis,4327.48,0.146840684,744.82,5072.3,5072.3
1,7,Chronic Bronchitis,1807.66,0.258915797,631.55,2439.21,2439.21
1,8,Chronic Bronchitis,1904.59,0.254000086,648.48,2553.07,2553.07
2,9,Chronic Bronchitis,5062.22,0.113724419,649.57,2855.895,5711.79
2,10,Chronic Bronchitis,0,,0,0,0
0,11,Chronic Bronchitis,0,,0,,0
1,12,Chronic Bronchitis,0,,0,0,0
1,13,Chronic Bronchitis,5850.1,0.084276434,538.4,6388.5,6388.5
1,14,Chronic Bronchitis,3540.72,0.049272062,183.5,3724.22,3724.22
3,15,Chronic Bronchitis,8061.78,0.088010208,777.99,2946.59,8839.77
3,16,Chronic Bronchitis,6769.05,0.175380998,1439.65,2736.233333,8208.7
4,17,Chronic Bronchitis,12191.01,0.104245042,1418.75,3402.44,13609.76
4,18,Chronic Bronchitis,6315.12,0.185324509,1436.58,1937.925,7751.7
4,19,Chronic Bronchitis,17164.03,0.110675707,2136.05,4825.02,19300.08
6,20,Chronic Bronchitis,15240.28,0.176367143,3263.45,3083.955,18503.73
8,21,Chronic Bronchitis,23396.08,0.176280799,5006.9,3550.3725,28402.98
4,22,Chronic Bronchitis,8492.48,0.167528792,1709.05,2550.3825,10201.53
2,23,Chronic Bronchitis,0,,0,0,0
8,24,Chronic Bronchitis,30601.72,0.149887519,5395.54,4499.6575,35997.26
5,25,Chronic Bronchitis,14318.72,0.131928897,2176.15,3298.974,16494.87
8,26,Chronic Bronchitis,37277.62,0.106717634,4453.44,5216.3825,41731.06
6,27,Chronic Bronchitis,28497.88,0.141749293,4706.73,5534.101667,33204.61
9,28,Chronic Bronchitis,33647.85,0.136370321,5313.12,4328.996667,38960.97
10,29,Chronic Bronchitis,37827.35,0.158835745,7142.88,4497.023,44970.23
16,30,Chronic Bronchitis,33717.07,0.174404562,7122.63,2552.48125,40839.7
8,31,Chronic Bronchitis,27388.39,0.145253098,4654.3,4005.33625,32042.69
10,32,Chronic Bronchitis,56757.73,0.156150764,10502.78,6726.051,67260.51
17,33,Chronic Bronchitis,66757.7,0.139917205,10860.06,4565.750588,77617.76
22,34,Chronic Bronchitis,55540.7,0.13845908,8926,2930.304545,64466.7
17,35,Chronic Bronchitis,54620.85,0.13750379,8707.95,3725.223529,63328.8
27,36,Chronic Bronchitis,76307.6,0.15415493,13907.03,3341.282593,90214.63
26,37,Chronic Bronchitis,122368.34,0.129142881,18146.49,5404.416538,140514.83
16,38,Chronic Bronchitis,59104.37,0.150509039,10471.85,4348.51375,69576.22
34,39,Chronic Bronchitis,154570.55,0.144315634,26069.13,5312.931765,180639.68
28,40,Chronic Bronchitis,105257.95,0.152459935,18934.35,4435.439286,124192.3
34,41,Chronic Bronchitis,153609.46,0.147140231,26501.58,5297.383529,180111.04
30,42,Chronic Bronchitis,132380.21,0.144103338,22288.24,5155.615,154668.45
37,43,Chronic Bronchitis,159174.63,0.13912693,25724.44,4997.272162,184899.07
38,44,Chronic Bronchitis,207516.32,0.152707501,37400.66,6445.183684,244916.98
53,45,Chronic Bronchitis,222914.28,0.153385835,40386.63,4967.941698,263300.91
56,46,Chronic Bronchitis,256403.56,0.141472919,42251.62,5333.128214,298655.18
60,47,Chronic Bronchitis,279450.07,0.148950497,48909.29,5472.656,328359.36
60,48,Chronic Bronchitis,266702.05,0.146479231,45770.78,5207.8805,312472.83
68,49,Chronic Bronchitis,384680.78,0.130884137,57930.84,6508.994412,442611.62
65,50,Chronic Bronchitis,270619.84,0.148489975,47191.85,4889.410615,317811.69
70,51,Chronic Bronchitis,377339.38,0.135613277,59200.62,6236.285714,436540
69,52,Chronic Bronchitis,371439.51,0.13130313,56142.91,6196.846667,427582.42
75,53,Chronic Bronchitis,362474.71,0.137501881,57786.74,5603.486,420261.45
89,54,Chronic Bronchitis,433417.76,0.142795414,72199.88,5681.097079,505617.64
83,55,Chronic Bronchitis,474182.18,0.140149681,77288.43,6644.224217,551470.61
77,56,Chronic Bronchitis,427223.84,0.136404948,67480.06,6424.725974,494703.9
106,57,Chronic Bronchitis,533360,0.149054844,93425.4,5913.069811,626785.4
109,58,Chronic Bronchitis,530402.21,0.148616125,92586.11,5715.489174,622988.32
108,59,Chronic Bronchitis,626401.47,0.137667745,100002.38,6725.961574,726403.85
109,60,Chronic Bronchitis,582428.59,0.145980189,99556.28,6256.741927,681984.87
107,61,Chronic Bronchitis,501255.07,0.143688621,84110.35,5470.70486,585365.42
89,62,Chronic Bronchitis,446312.72,0.138530085,71770.05,5821.154719,518082.77
97,63,Chronic Bronchitis,514296.58,0.142969559,85794.8,6186.509072,600091.38
103,64,Chronic Bronchitis,579102.38,0.13761434,92409.69,6519.53466,671512.07
90,65,Chronic Bronchitis,581832.24,0.136809007,92215.85,7489.423222,674048.09
100,66,Chronic Bronchitis,709712.86,0.133756339,109586.48,8192.9934,819299.34
101,67,Chronic Bronchitis,745663.65,0.128626319,110069.85,8472.608911,855733.5
91,68,Chronic Bronchitis,502226.43,0.143705055,84284.6,6445.176154,586511.03
90,69,Chronic Bronchitis,703733.43,0.125271601,100783.07,8939.072222,804516.5
80,70,Chronic Bronchitis,527700.66,0.129935346,78806.75,7581.342625,606507.41
63,71,Chronic Bronchitis,429117.92,0.135733864,67393.4,7881.132063,496511.32
80,72,Chronic Bronchitis,494956.58,0.139742434,80402.01,7191.982375,575358.59
72,73,Chronic Bronchitis,422874.93,0.140739419,69263.24,6835.252361,492138.17
70,74,Chronic Bronchitis,471340.95,0.140705781,77180.08,7836.014714,548521.03
75,75,Chronic Bronchitis,541339.34,0.126512508,78405.47,8263.264133,619744.81
48,76,Chronic Bronchitis,290360.08,0.130961124,43756.25,6960.756875,334116.33
47,77,Chronic Bronchitis,369050.14,0.124801649,52625.86,8971.829787,421676
28,78,Chronic Bronchitis,267731.07,0.120475747,36673.35,10871.58643,304404.42
12,79,Chronic Bronchitis,72290.76,0.148538485,12611.21,7075.164167,84901.97
274,1,Chronic Sinusitis,287402.15,0.227011975,84404.58,1356.958869,371806.73
347,2,Chronic Sinusitis,270640.2,0.269607676,99900.66,1067.841095,370540.86
336,3,Chronic Sinusitis,242872.88,0.283963095,96317.57,1009.495387,339190.45
249,4,Chronic Sinusitis,206979.94,0.25480435,70772.54,1115.471807,277752.48
266,5,Chronic Sinusitis,242525.2,0.271675668,90465.46,1251.844586,332990.66
251,6,Chronic Sinusitis,232339.36,0.262552645,82719.55,1255.214781,315058.91
205,7,Chronic Sinusitis,171935.04,0.275351491,65331.77,1157.399073,237266.81
222,8,Chronic Sinusitis,192795.93,0.274754327,73039.41,1197.456486,265835.34
207,9,Chronic Sinusitis,150203.79,0.292284198,62033.65,1025.301643,212237.44
209,10,Chronic Sinusitis,148105.68,0.276825651,56693.73,979.9014833,204799.41
210,11,Chronic Sinusitis,156888.63,0.275753302,59734.56,1031.539,216623.19
191,12,Chronic Sinusitis,150707.38,0.284329784,59874.78,1102.524398,210582.16
226,13,Chronic Sinusitis,193264.14,0.293240997,80187.12,1209.961327,273451.26
236,14,Chronic Sinusitis,210580.97,0.288589653,85423.96,1254.258178,296004.93
262,15,Chronic Sinusitis,244836.66,0.257658053,84979.89,1258.841794,329816.55
278,16,Chronic Sinusitis,261479.16,0.265985788,94752.58,1281.409137,356231.74
294,17,Chronic Sinusitis,291491.53,0.262788376,103905.83,1344.88898,395397.36
307,18,Chronic Sinusitis,281516.48,0.275391038,106991.66,1265.498827,388508.14
300,19,Chronic Sinusitis,296800.91,0.250807481,99360.16,1320.5369,396161.07
264,20,Chronic Sinusitis,230964.32,0.301704404,99790.05,1252.857462,330754.37
297,21,Chronic Sinusitis,274165.13,0.273308153,103113.26,1270.297609,377278.39
310,22,Chronic Sinusitis,321405.17,0.264105883,115349.47,1408.885935,436754.64
269,23,Chronic Sinusitis,258850.2,0.275223342,98294.58,1327.675762,357144.78
276,24,Chronic Sinusitis,325091.71,0.272819152,121965.87,1619.773841,447057.58
308,25,Chronic Sinusitis,341279.92,0.261673423,120954.45,1500.760942,462234.37
326,26,Chronic Sinusitis,402962.17,0.266892527,146700.99,1686.083313,549663.16
344,27,Chronic Sinusitis,472001.09,0.253745643,160492.49,1838.644128,632493.58
346,28,Chronic Sinusitis,517721.02,0.243980775,167077.73,1979.187139,684798.75
363,29,Chronic Sinusitis,480590.89,0.261068587,169795.44,1791.697879,650386.33
342,30,Chronic Sinusitis,528059.31,0.24439465,170796.66,2043.438509,698855.97
391,31,Chronic Sinusitis,496989.23,0.259268356,173954.47,1715.968542,670943.7
400,32,Chronic Sinusitis,532207.95,0.252835067,180095.22,1780.757925,712303.17
442,33,Chronic Sinusitis,671982.83,0.235668428,207194.29,1989.088507,879177.12
429,34,Chronic Sinusitis,597875.43,0.245348097,194377.83,1846.744196,792253.26
466,35,Chronic Sinusitis,608863.95,0.254198213,207524.48,1751.906502,816388.43
465,36,Chronic Sinusitis,744036.76,0.245205585,241710.81,2119.887247,985747.57
506,37,Chronic Sinusitis,790248.02,0.239244332,248519.16,2052.899565,1038767.18
514,38,Chronic Sinusitis,871556.02,0.232797127,264461.65,2210.151109,1136017.67
486,39,Chronic Sinusitis,686131.03,0.247353125,225493.07,1875.769753,911624.1
498,40,Chronic Sinusitis,856345.99,0.235331951,263546.48,2248.78006,1119892.47
478,41,Chronic Sinusitis,838149.88,0.234019542,256068.48,2289.159749,1094218.36
476,42,Chronic Sinusitis,859927.25,0.234833379,263915.88,2361.014979,1123843.13
524,43,Chronic Sinusitis,931330.41,0.235076621,286216.91,2323.563588,1217547.32
505,44,Chronic Sinusitis,956919.11,0.230921654,287322.28,2463.844337,1244241.39
515,45,Chronic Sinusitis,1004125.69,0.225623769,292564.02,2517.844097,1296689.71
520,46,Chronic Sinusitis,1059213.04,0.227447727,311843.75,2636.647673,1371056.79
498,47,Chronic Sinusitis,898426.11,0.236818627,278785.68,2363.879096,1177211.79
531,48,Chronic Sinusitis,1123683.51,0.220355552,317593.36,2714.269058,1441276.87
531,49,Chronic Sinusitis,1192860.63,0.219118297,334721.11,2876.80177,1527581.74
519,50,Chronic Sinusitis,1028704.07,0.228635702,304912.32,2569.58842,1333616.39
452,51,Chronic Sinusitis,1061616.89,0.222748727,304243.71,3021.815487,1365860.6
492,52,Chronic Sinusitis,1125134.78,0.224315287,325370.51,2948.181484,1450505.29
439,53,Chronic Sinusitis,1085322.02,0.216874904,300563.87,3156.915467,1385885.89
455,54,Chronic Sinusitis,1126182.05,0.218640993,315129.87,3167.718505,1441311.92
427,55,Chronic Sinusitis,1011194.05,0.222979459,290179.59,3047.713443,1301373.64
415,56,Chronic Sinusitis,1083768.26,0.207841384,284352.01,3296.675349,1368120.27
415,57,Chronic Sinusitis,1047491.92,0.219277139,294203.03,3232.99988,1341694.95
439,58,Chronic Sinusitis,1113193.07,0.215240653,305322.14,3231.241936,1418515.21
364,59,Chronic Sinusitis,1039609.53,0.209104098,274861.22,3611.183379,1314470.75
379,60,Chronic Sinusitis,1048711.27,0.212975017,283789.34,3515.832744,1332500.61
351,61,Chronic Sinusitis,1119869.99,0.205670904,289961.27,4016.613276,1409831.26
352,62,Chronic Sinusitis,1052250.96,0.208450219,277104.42,3776.577784,1329355.38
304,63,Chronic Sinusitis,1038676.42,0.190034085,243694.11,4218.324112,1282370.53
275,64,Chronic Sinusitis,924155.35,0.190716013,217786.62,4152.516255,1141941.97
294,65,Chronic Sinusitis,1155029.18,0.180066126,253656.59,4791.448197,1408685.77
252,66,Chronic Sinusitis,977067.87,0.182287418,217811.47,4741.584683,1194879.34
228,67,Chronic Sinusitis,844693.75,0.177528869,182325.58,4504.470746,1027019.33
189,68,Chronic Sinusitis,762063.85,0.172675844,159054.97,4873.64455,921118.82
219,69,Chronic Sinusitis,860674.64,0.171689314,178397.6,4744.6221,1039072.24
208,70,Chronic Sinusitis,837096.14,0.175126627,177721.61,4878.93149,1014817.75
171,71,Chronic Sinusitis,765631.78,0.165276067,151595.76,5363.903743,917227.54
135,72,Chronic Sinusitis,604760.78,0.168682349,122711.78,5388.68563,727472.56
156,73,Chronic Sinusitis,832219.92,0.169427952,169764.1,6422.974487,1001984.02
142,74,Chronic Sinusitis,688086.91,0.174336763,145287.86,5868.836408,833374.77
119,75,Chronic Sinusitis,474267.39,0.174985687,100592.2,4830.752857,574859.59
95,76,Chronic Sinusitis,462749.77,0.160202058,88275.36,5800.264526,551025.13
72,77,Chronic Sinusitis,377922.07,0.155315548,69490.06,6214.057361,447412.13
52,78,Chronic Sinusitis,348991.31,0.14434921,58875.21,7843.586923,407866.52
25,79,Chronic Sinusitis,139170.55,0.17025123,28555.58,6709.0452,167726.13
3,1,Depression,7561.78,0.134617673,1176.3,2912.693333,8738.08
0,2,Depression,0,,0,,0
1,3,Depression,0,,0,0,0
3,4,Depression,6097.84,0.238381199,1908.58,2668.806667,8006.42
3,5,Depression,9629.93,0.164837767,1900.68,3843.536667,11530.61
9,6,Depression,24209.68,0.209907583,6431.9,3404.62,30641.58
21,7,Depression,67478.63,0.181673207,14980.64,3926.631905,82459.27
18,8,Depression,41567.67,0.198209266,10275.87,2880.196667,51843.54
44,9,Depression,103369.78,0.178403368,22445.95,2859.448409,125815.73
48,10,Depression,100993.93,0.210382592,26908.43,2664.6325,127902.36
63,11,Depression,144370.18,0.2120099,38843.01,2908.145873,183213.19
89,12,Depression,180633.51,0.216660789,49960.73,2590.946517,230594.24
137,13,Depression,283513.75,0.204199205,72748.46,2600.454088,356262.21
210,14,Depression,464394.77,0.213690297,126205.56,2812.382524,590600.33
277,15,Depression,606457.9,0.207153102,158453.84,2761.414224,764911.74
336,16,Depression,750513.84,0.204434765,192858,2807.654286,943371.84
416,17,Depression,932191.68,0.217581453,259231.61,2863.998293,1191423.29
430,18,Depression,1018115.9,0.210530244,271503.99,2999.116023,1289619.89
461,19,Depression,1046071.4,0.215240949,286912.78,2891.505813,1332984.18
465,20,Depression,1020948.88,0.221035155,289699.33,2818.598301,1310648.21
442,21,Depression,1037175,0.219110145,291021.28,3004.968959,1328196.28
461,22,Depression,1047914.9,0.219493462,294693.84,2912.383384,1342608.74
497,23,Depression,1207577.78,0.214580901,329917.02,3093.550905,1537494.8
527,24,Depression,1291706.1,0.216858203,357683.71,3129.771935,1649389.81
511,25,Depression,1293169.11,0.20979821,343335.8,3202.55364,1636504.91
520,26,Depression,1319681.99,0.213909423,359109.27,3228.444731,1678791.26
565,27,Depression,1560252.38,0.208204751,410272.68,3487.654973,1970525.06
523,28,Depression,1422782.46,0.212377633,383644.73,3453.971683,1806427.19
540,29,Depression,1439524.77,0.211540853,386219.5,3381.007907,1825744.27
529,30,Depression,1530088.87,0.215224049,419625.4,3685.660246,1949714.27
544,31,Depression,1609592.82,0.208596714,424253.7,3738.688456,2033846.52
616,32,Depression,1789172.73,0.209586499,474418.07,3674.66039,2263590.8
609,33,Depression,1730511.87,0.20858281,456086.92,3590.474204,2186598.79
566,34,Depression,1572726.03,0.21486213,430394.81,3539.082756,2003120.84
591,35,Depression,1862515.42,0.202846031,473940.89,3953.394772,2336456.31
624,36,Depression,1806368.66,0.210525367,481695.56,3666.769583,2288064.22
669,37,Depression,2104210.75,0.205949065,545758.74,3961.090419,2649969.49
674,38,Depression,2170800.37,0.208078854,570382.11,4067.03632,2741182.48
663,39,Depression,2032086.58,0.20407343,521021.53,3850.841795,2553108.11
689,40,Depression,2200190.87,0.208307807,578907.99,4033.525196,2779098.86
662,41,Depression,2171239.48,0.203180427,553642.73,4116.136269,2724882.21
693,42,Depression,2327800.96,0.201585,587726.63,4207.110519,2915527.59
713,43,Depression,2379750.94,0.206245759,618344.46,4204.902384,2998095.4
743,44,Depression,2646431.77,0.202987116,674006.11,4468.960808,3320437.88
780,45,Depression,2771251.57,0.202452601,703465.51,4454.765487,3474717.08
768,46,Depression,2879055.1,0.199098491,715712.88,4680.687474,3594767.98
796,47,Depression,2895574.18,0.203071419,737843.23,4564.594736,3633417.41
725,48,Depression,2677879.65,0.199011405,665338.55,4611.335448,3343218.2
765,49,Depression,3028593.58,0.196296778,739704.84,4925.880288,3768298.42
771,50,Depression,3123587.66,0.196942711,766032.3,5044.902672,3889619.96
762,51,Depression,3428740.96,0.188397872,795916.47,5544.169856,4224657.43
784,52,Depression,3421571.22,0.195923831,833711.24,5427.656199,4255282.46
757,53,Depression,3404394.37,0.191081629,804181.54,5559.545456,4208575.91
739,54,Depression,3343459.35,0.19142214,791528.16,5595.382287,4134987.51
643,55,Depression,3153094.93,0.187970524,729885.95,6038.850513,3882980.88
656,56,Depression,2946363.18,0.190440074,693099.55,5547.961479,3639462.73
696,57,Depression,3305646.65,0.193481059,793013.01,5888.878822,4098659.66
602,58,Depression,2995163.13,0.185008206,679920.66,6104.790349,3675083.79
625,59,Depression,3187186.13,0.187478246,735399.47,6276.13696,3922585.6
569,60,Depression,3002528.17,0.182694189,671161.81,6456.397153,3673689.98
521,61,Depression,2623065.33,0.186501349,601359.6,6188.915413,3224424.93
414,62,Depression,2188768.88,0.186274658,501043.97,6497.132488,2689812.85
411,63,Depression,2064180.58,0.186025715,471747.91,6170.142311,2535928.49
386,64,Depression,2369204.81,0.176231507,506851.79,7450.923834,2876056.6
403,65,Depression,2482850.2,0.171246344,513034.26,7433.956476,2995884.46
348,66,Depression,2304685.78,0.162465335,447063.94,7907.326782,2751749.72
336,67,Depression,2103560.22,0.168937207,427608.59,7533.240506,2531168.81
298,68,Depression,1913412.83,0.173350843,401248.49,7767.319866,2314661.32
302,69,Depression,1895325.58,0.165445547,375737.23,7520.07553,2271062.81
299,70,Depression,2058211.6,0.168382362,416737.83,8277.422843,2474949.43
279,71,Depression,1884169.94,0.160458845,360115.44,8044.03362,2244285.38
253,72,Depression,2022626.97,0.152236154,363210.76,9430.188656,2385837.73
243,73,Depression,1684390.95,0.159679507,320071.59,8248.817037,2004462.54
185,74,Depression,1206109.44,0.163409132,235586.24,7792.949622,1441695.68
228,75,Depression,1775303.64,0.158319007,333932.11,9251.033991,2109235.75
168,76,Depression,1254006.14,0.154355241,228893.3,8826.782381,1482899.44
127,77,Depression,1066095.01,0.151931948,190991.62,9898.319921,1257086.63
88,78,Depression,736459.52,0.157065331,137225.65,9928.240568,873685.17
33,79,Depression,337509.44,0.145910493,57659.26,11974.80909,395168.7
10,1,Diabetes,32345.33,0.19133319,7653.01,3999.834,39998.34
18,2,Diabetes,51539.05,0.20061678,12934.47,3581.862222,64473.52
12,3,Diabetes,22966.6,0.213766902,6244.33,2434.244167,29210.93
19,4,Diabetes,70332.41,0.193290143,16851.86,4588.645789,87184.27
30,5,Diabetes,134884.82,0.154450083,24638.37,5317.439667,159523.19
24,6,Diabetes,76636.49,0.195309882,18600.78,3968.219583,95237.27
27,7,Diabetes,68657.69,0.208138456,18046.47,3211.265185,86704.16
31,8,Diabetes,75962.46,0.238634614,23808.9,3218.430968,99771.36
41,9,Diabetes,113584.63,0.206427812,29546.18,3490.995366,143130.81
37,10,Diabetes,107001.23,0.211445625,28691.67,3667.375676,135692.9
44,11,Diabetes,111153.78,0.242738147,35630.03,3335.995682,146783.81
61,12,Diabetes,131860.04,0.236646867,40877.89,2831.769344,172737.93
69,13,Diabetes,192693.69,0.208090734,50634.3,3526.492609,243327.99
62,14,Diabetes,188894.55,0.191507243,44743.35,3768.353226,233637.9
73,15,Diabetes,215953.36,0.201218198,54400.02,3703.470959,270353.38
72,16,Diabetes,199576.74,0.203826594,51093.2,3481.526944,250669.94
55,17,Diabetes,167983.62,0.185164848,38172.95,3748.301273,206156.57
99,18,Diabetes,286543.77,0.211192968,76718.42,3669.315051,363262.19
78,19,Diabetes,219468.02,0.213261815,59491.39,3576.402692,278959.41
65,20,Diabetes,238023.3,0.206285589,61862.02,4613.620308,299885.32
68,21,Diabetes,255806.31,0.199767738,63858.77,4700.957059,319665.08
72,22,Diabetes,242291.22,0.186090067,55396.78,4134.555556,297688
90,23,Diabetes,279786.84,0.210367822,74538.69,3936.950333,354325.53
100,24,Diabetes,310796.04,0.202240306,78790,3895.8604,389586.04
116,25,Diabetes,428133.72,0.182211551,95392.53,4513.157328,523526.25
124,26,Diabetes,463018.68,0.195965095,112850.2,4644.103871,575868.88
159,27,Diabetes,621201.56,0.199873618,155177.74,4882.888679,776379.3
157,28,Diabetes,585978.64,0.189317269,136842.53,4603.956497,722821.17
186,29,Diabetes,744305.03,0.179830596,163196.55,4879.040753,907501.58
190,30,Diabetes,816085.9,0.188720912,189839.08,5294.342,1005924.98
218,31,Diabetes,827563.04,0.183551566,186050.32,4649.602569,1013613.36
283,32,Diabetes,1076675.86,0.191695142,255341.2,4706.774064,1332017.06
227,33,Diabetes,950769.58,0.183453774,213609.79,5129.424537,1164379.37
272,34,Diabetes,1062869.2,0.184707564,240797.01,4792.890478,1303666.21
304,35,Diabetes,1207393.92,0.187526978,278678.71,4888.396809,1486072.63
321,36,Diabetes,1493054.58,0.178159293,323665.58,5659.564361,1816720.16
371,37,Diabetes,1790360.38,0.17830101,388491.49,5872.916092,2178851.87
359,38,Diabetes,1635492.74,0.182450492,364988.85,5572.372117,2000481.59
416,39,Diabetes,1982270.43,0.181898882,440743.53,5824.552788,2423013.96
448,40,Diabetes,2140403.73,0.182986279,479385.48,5847.743772,2619789.21
476,41,Diabetes,2203274.39,0.183420716,494901.32,5668.436366,2698175.71
525,42,Diabetes,2595910.85,0.176953855,558117.47,6007.67299,3154028.32
594,43,Diabetes,2942745.33,0.178912929,641217.24,6033.60702,3583962.57
673,44,Diabetes,3273978.66,0.180332362,720297.2,5935.030996,3994275.86
631,45,Diabetes,3428181.05,0.170343832,703869.29,6548.415753,4132050.34
720,46,Diabetes,3819674.52,0.171477655,790550.59,6403.090431,4610225.11
809,47,Diabetes,4244009.43,0.177161171,913755.71,6375.48225,5157765.14
841,48,Diabetes,4366486.04,0.176997427,939069.72,6308.627539,5305555.76
840,49,Diabetes,4459493.96,0.179433044,975155.74,6469.821071,5434649.7
914,50,Diabetes,4976415.08,0.175934065,1062440.39,6607.062877,6038855.47
988,51,Diabetes,5770841.8,0.168568862,1170011.79,7025.155455,6940853.59
1000,52,Diabetes,5552786.63,0.174485709,1173670.67,6726.4573,6726457.3
1042,53,Diabetes,5815604.48,0.178030701,1259604.4,6790.027716,7075208.88
1046,54,Diabetes,6111751.24,0.171216316,1262611.16,7050.059656,7374362.4
1103,55,Diabetes,6877755.35,0.164523503,1354379.69,7463.404388,8232135.04
1159,56,Diabetes,7048737.26,0.168988676,1433382.12,7318.480915,8482119.38
1172,57,Diabetes,7069391.63,0.16821894,1429709.84,7251.793063,8499101.47
1140,58,Diabetes,7285549.23,0.166455624,1454896.32,7667.0575,8740445.55
1161,59,Diabetes,7419933.49,0.167843445,1496578.01,7680.027132,8916511.5
1097,60,Diabetes,7552915.17,0.159363843,1431846.08,8190.30196,8984761.25
1129,61,Diabetes,7948777.19,0.158885882,1501518.58,8370.501125,9450295.77
1101,62,Diabetes,7655915.6,0.161807966,1477928.78,8295.953115,9133844.38
1058,63,Diabetes,7573402.89,0.156031469,1400157.87,8481.626427,8973560.76
1060,64,Diabetes,7629307.22,0.153556651,1384062.93,8503.179387,9013370.15
1124,65,Diabetes,7996723.76,0.156787448,1486915.62,8437.401584,9483639.38
1161,66,Diabetes,8717477.3,0.154036742,1587316.93,8875.791757,10304794.23
1057,67,Diabetes,8091525.71,0.155070928,1485048.2,9060.14561,9576573.91
1003,68,Diabetes,8094905.35,0.149612344,1424171.38,9490.604915,9519076.73
943,69,Diabetes,7711255.97,0.147661162,1335915.91,9594.031686,9047171.88
910,70,Diabetes,7797793.84,0.145643132,1329298.28,10029.77156,9127092.12
938,71,Diabetes,8020795.13,0.145474989,1365466.27,10006.67527,9386261.4
834,72,Diabetes,6896787.03,0.146164152,1180628.61,9685.150647,8077415.64
801,73,Diabetes,7220647.83,0.142443325,1199376.22,10511.8902,8420024.05
658,74,Diabetes,6264332.5,0.142162191,1038134.74,11097.97453,7302467.24
560,75,Diabetes,5211349.94,0.14600123,890942.15,10896.95016,6102292.09
465,76,Diabetes,4470692.35,0.139998212,727776.32,11179.50252,5198468.67
357,77,Diabetes,3857938.59,0.141229539,634459.28,12583.74754,4492397.87
235,78,Diabetes,2397732.89,0.141620599,395592.4,11886.4906,2793325.29
113,79,Diabetes,1377715.73,0.133192862,211698.65,14065.61398,1589414.38
2,1,Emphysema,8946.77,0.133995542,1384.32,5165.545,10331.09
0,2,Emphysema,0,,0,,0
0,3,Emphysema,0,,0,,0
1,4,Emphysema,5316.08,0.097977267,577.43,5893.51,5893.51
0,5,Emphysema,0,,0,,0
0,6,Emphysema,0,,0,,0
1,7,Emphysema,3839.49,0.165527809,761.61,4601.1,4601.1
0,8,Emphysema,0,,0,,0
1,9,Emphysema,4727.51,0.159187557,895.04,5622.55,5622.55
0,10,Emphysema,0,,0,,0
0,11,Emphysema,0,,0,,0
0,12,Emphysema,0,,0,,0
0,13,Emphysema,0,,0,,0
0,14,Emphysema,0,,0,,0
1,15,Emphysema,5183.76,0.115678497,678.09,5861.85,5861.85
0,16,Emphysema,0,,0,,0
0,17,Emphysema,0,,0,,0
0,18,Emphysema,0,,0,,0
1,19,Emphysema,0,,0,0,0
0,20,Emphysema,0,,0,,0
0,21,Emphysema,0,,0,,0
0,22,Emphysema,0,,0,,0
0,23,Emphysema,0,,0,,0
0,24,Emphysema,0,,0,,0
0,25,Emphysema,0,,0,,0
1,26,Emphysema,7936.07,0.112219956,1003.16,8939.23,8939.23
0,27,Emphysema,0,,0,,0
0,28,Emphysema,0,,0,,0
1,29,Emphysema,7534.62,0.151250603,1342.7,8877.32,8877.32
1,30,Emphysema,5953.74,0.126175803,859.69,6813.43,6813.43
1,31,Emphysema,8643.73,0.133122591,1327.38,9971.11,9971.11
0,32,Emphysema,0,,0,,0
3,33,Emphysema,13742.13,0.134953418,2143.87,5295.333333,15886
3,34,Emphysema,9458.78,0.187133045,2177.54,3878.773333,11636.32
1,35,Emphysema,0,,0,0,0
5,36,Emphysema,11825.89,0.102741119,1354.13,2636.004,13180.02
3,37,Emphysema,15446.18,0.11197055,1947.59,5797.923333,17393.77
4,38,Emphysema,21173.15,0.128460684,3120.82,6073.4925,24293.97
10,39,Emphysema,75687.55,0.147828169,13129.69,8881.724,88817.24
7,40,Emphysema,29630.68,0.150839827,5263.42,4984.871429,34894.1
4,41,Emphysema,31587.26,0.136821906,5006.88,9148.535,36594.14
7,42,Emphysema,64182.13,0.114555084,8303.61,10355.10571,72485.74
6,43,Emphysema,70755.18,0.108347899,8597.72,13225.48333,79352.9
12,44,Emphysema,55825.7,0.14436002,9418.68,5437.031667,65244.38
18,45,Emphysema,101468.22,0.135625594,15920.98,6521.622222,117389.2
15,46,Emphysema,118031.64,0.151156606,21018.32,9269.997333,139049.96
12,47,Emphysema,59177.23,0.144224947,9973.22,5762.5375,69150.45
17,48,Emphysema,113611.22,0.120351174,15543.98,7597.364706,129155.2
21,49,Emphysema,109385.84,0.152643332,19704.83,6147.174762,129090.67
25,50,Emphysema,189231.22,0.133782798,29225.79,8738.2804,218457.01
33,51,Emphysema,218924.72,0.139884824,35604.82,7713.016364,254529.54
32,52,Emphysema,225631.16,0.135946975,35499.99,8160.348438,261131.15
19,53,Emphysema,173633.19,0.134469849,26975.87,10558.37158,200609.06
23,54,Emphysema,226231.19,0.114374299,29216.67,11106.4287,255447.86
28,55,Emphysema,235741.15,0.122920555,33038.55,9599.275,268779.7
33,56,Emphysema,272892.29,0.118940003,36839.5,9385.811818,309731.79
33,57,Emphysema,218462.08,0.129915769,32619.45,7608.531212,251081.53
36,58,Emphysema,283479.67,0.130600606,42584.13,9057.327778,326063.8
33,59,Emphysema,298512.01,0.123250459,41963.8,10317.44879,340475.81
21,60,Emphysema,196580.84,0.127097258,28622.76,10723.98095,225203.6
34,61,Emphysema,311038.73,0.133791158,48041.8,10561.19206,359080.53
26,62,Emphysema,190709.82,0.132605587,29155.35,8456.352692,219865.17
35,63,Emphysema,294723.54,0.124472587,41900.46,9617.828571,336624
27,64,Emphysema,189808.85,0.145064641,32206.59,8222.794074,222015.44
34,65,Emphysema,318029.15,0.112417756,40280.35,10538.51471,358309.5
37,66,Emphysema,290602.95,0.126367153,42034.44,8990.19973,332637.39
32,67,Emphysema,404827.77,0.112344717,51236.4,14252.00531,456064.17
36,68,Emphysema,314315.58,0.132970326,48204.4,10069.99944,362519.98
42,69,Emphysema,329240.42,0.117411917,43799.31,8881.898333,373039.73
32,70,Emphysema,266918.68,0.134920666,41629.53,9642.131563,308548.21
30,71,Emphysema,245116.59,0.14304394,40915.1,9534.389667,286031.69
34,72,Emphysema,385665.66,0.116611887,50909.9,12840.45765,436575.56
31,73,Emphysema,286559.09,0.127255617,41783.43,10591.69419,328342.52
33,74,Emphysema,473334.38,0.108853415,57817.72,16095.51818,531152.1
20,75,Emphysema,197469.36,0.118786863,26618.72,11204.404,224088.08
16,76,Emphysema,191362.96,0.107298654,23000.96,13397.745,214363.92
17,77,Emphysema,258365.8,0.093569897,26670.85,16766.86176,285036.65
16,78,Emphysema,224005.31,0.105292584,26361.8,15647.94438,250367.11
5,79,Emphysema,83863.37,0.116426516,11050.49,18982.772,94913.86
0,1,Gastric Ulcer,0,,0,,0
0,2,Gastric Ulcer,0,,0,,0
0,3,Gastric Ulcer,0,,0,,0
0,4,Gastric Ulcer,0,,0,,0
1,5,Gastric Ulcer,45805.13,0.09456559,4783.99,50589.12,50589.12
1,6,Gastric Ulcer,13272.71,0.126651752,1924.79,15197.5,15197.5
2,7,Gastric Ulcer,9824.07,0.186323474,2249.61,6036.84,12073.68
0,8,Gastric Ulcer,0,,0,,0
0,9,Gastric Ulcer,0,,0,,0
1,10,Gastric Ulcer,5176.69,0.094775368,541.99,5718.68,5718.68
0,11,Gastric Ulcer,0,,0,,0
0,12,Gastric Ulcer,0,,0,,0
1,13,Gastric Ulcer,0,,0,0,0
0,14,Gastric Ulcer,0,,0,,0
2,15,Gastric Ulcer,5530.82,0.111962801,697.32,3114.07,6228.14
1,16,Gastric Ulcer,1932.01,0.225979239,564.06,2496.07,2496.07
1,17,Gastric Ulcer,5973,0.174985186,1266.87,7239.87,7239.87
0,18,Gastric Ulcer,0,,0,,0
3,19,Gastric Ulcer,1751.79,0.234635163,537.04,762.9433333,2288.83
1,20,Gastric Ulcer,27233.29,0.066802112,1949.47,29182.76,29182.76
1,21,Gastric Ulcer,2134.13,0.236979567,662.82,2796.95,2796.95
4,22,Gastric Ulcer,31438.87,0.066158402,2227.3,8416.5425,33666.17
2,23,Gastric Ulcer,4385.34,0.263788417,1571.29,2978.315,5956.63
2,24,Gastric Ulcer,7872.25,0.143643945,1320.48,4596.365,9192.73
1,25,Gastric Ulcer,4751.99,0.109979229,587.2,5339.19,5339.19
3,26,Gastric Ulcer,6507.35,0.140357181,1062.48,2523.276667,7569.83
3,27,Gastric Ulcer,16176.39,0.146365545,2773.63,6316.673333,18950.02
2,28,Gastric Ulcer,5987.96,0.200246819,1499.3,3743.63,7487.26
6,29,Gastric Ulcer,19090.06,0.181395217,4230.18,3886.706667,23320.24
2,30,Gastric Ulcer,0,,0,0,0
1,31,Gastric Ulcer,2104.3,0.274524405,796.28,2900.58,2900.58
5,32,Gastric Ulcer,18927.02,0.146849698,3257.84,4436.972,22184.86
5,33,Gastric Ulcer,38638.83,0.144235273,6512.4,9030.246,45151.23
7,34,Gastric Ulcer,23518.63,0.157646416,4401.51,3988.591429,27920.14
9,35,Gastric Ulcer,50663.9,0.161308682,9744.38,6712.031111,60408.28
6,36,Gastric Ulcer,28969.03,0.172389569,6034.19,5833.87,35003.22
6,37,Gastric Ulcer,66529.59,0.096087951,7072.25,12266.97333,73601.84
4,38,Gastric Ulcer,16936.87,0.155527778,3119.29,5014.04,20056.16
3,39,Gastric Ulcer,42099.1,0.079131425,3617.63,15238.91,45716.73
6,40,Gastric Ulcer,38993.37,0.136971139,6188.63,7530.333333,45182
11,41,Gastric Ulcer,41993.51,0.139948696,6833.24,4438.795455,48826.75
6,42,Gastric Ulcer,27619.92,0.198298367,6831.7,5741.936667,34451.62
5,43,Gastric Ulcer,52753.56,0.102918032,6052.17,11761.146,58805.73
14,44,Gastric Ulcer,52524.8,0.165639432,10427.36,4496.582857,62952.16
12,45,Gastric Ulcer,70961.05,0.153439857,12861.76,6985.234167,83822.81
5,46,Gastric Ulcer,14950.37,0.187436172,3448.64,3679.802,18399.01
18,47,Gastric Ulcer,89988.99,0.156202073,16658.57,5924.864444,106647.56
11,48,Gastric Ulcer,28585.75,0.162973814,5565.81,3104.687273,34151.56
10,49,Gastric Ulcer,61701.83,0.123589653,8701.07,7040.29,70402.9
15,50,Gastric Ulcer,128290.55,0.124646012,18267.93,9770.565333,146558.48
11,51,Gastric Ulcer,17796.84,0.17244785,3708.56,1955.036364,21505.4
15,52,Gastric Ulcer,80971.11,0.154056903,14745.86,6381.131333,95716.97
14,53,Gastric Ulcer,79744.67,0.144332301,13451.17,6656.845714,93195.84
15,54,Gastric Ulcer,89747.37,0.155649459,16544.23,7086.106667,106291.6
10,55,Gastric Ulcer,48984.48,0.136318387,7731.42,5671.59,56715.9
12,56,Gastric Ulcer,60245.57,0.16514541,11917.38,6013.579167,72162.95
16,57,Gastric Ulcer,52733.85,0.169873667,10791.24,3970.318125,63525.09
18,58,Gastric Ulcer,116893.7,0.142588536,19439.56,7574.07,136333.26
20,59,Gastric Ulcer,140343.56,0.136843864,22249.92,8129.674,162593.48
14,60,Gastric Ulcer,59972.56,0.145895038,10244.29,5015.489286,70216.85
12,61,Gastric Ulcer,37894.89,0.188480045,8801.3,3891.349167,46696.19
22,62,Gastric Ulcer,111864.66,0.144971248,18966.8,5946.884545,130831.46
20,63,Gastric Ulcer,85938.6,0.137595585,13711.4,4982.5,99650
14,64,Gastric Ulcer,70116.8,0.152259949,12593.46,5907.875714,82710.26
26,65,Gastric Ulcer,145602.97,0.13884295,23475.33,6503.011538,169078.3
19,66,Gastric Ulcer,196793.53,0.111787357,24767.75,11661.12,221561.28
18,67,Gastric Ulcer,162998.61,0.148788941,28491.63,10638.34667,191490.24
16,68,Gastric Ulcer,110189.98,0.138131857,17660.18,7990.635,127850.16
11,69,Gastric Ulcer,41934.87,0.155516367,7722.54,4514.31,49657.41
16,70,Gastric Ulcer,115004.54,0.137490963,18332.66,8333.575,133337.2
20,71,Gastric Ulcer,118968.8,0.135842097,18701.41,6883.5105,137670.21
16,72,Gastric Ulcer,139278.42,0.142566497,23157.99,10152.27563,162436.41
9,73,Gastric Ulcer,31323.6,0.146671926,5383.97,4078.618889,36707.57
5,74,Gastric Ulcer,67081.68,0.095765084,7104.44,14837.224,74186.12
6,75,Gastric Ulcer,65584.7,0.108371827,7971.41,12259.35167,73556.11
8,76,Gastric Ulcer,59664.79,0.139666262,9685.96,8668.84375,69350.75
9,77,Gastric Ulcer,104060.07,0.125431275,14924.37,13220.49333,118984.44
2,78,Gastric Ulcer,17678.76,0.125394046,2534.64,10106.7,20213.4
2,79,Gastric Ulcer,16049.37,0.130038117,2398.99,9224.18,18448.36
6,1,Hypertension,18155.86,0.149530753,3192.19,3558.008333,21348.05
3,2,Hypertension,10257.72,0.20716891,2680.37,4312.696667,12938.09
6,3,Hypertension,8409.86,0.298305308,3575.21,1997.511667,11985.07
8,4,Hypertension,18542.2,0.221181354,5265.91,2976.01375,23808.11
6,5,Hypertension,41556.93,0.151687483,7430.83,8164.626667,48987.76
8,6,Hypertension,19005.98,0.15599574,3512.84,2814.8525,22518.82
11,7,Hypertension,17284.96,0.16956443,3529.37,1892.211818,20814.33
9,8,Hypertension,12124.16,0.179263337,2648.13,1641.365556,14772.29
7,9,Hypertension,17225.95,0.146347809,2953.17,2882.731429,20179.12
15,10,Hypertension,25009.92,0.198306469,6186.44,2079.757333,31196.36
20,11,Hypertension,79433.55,0.131785431,12057.14,4574.5345,91490.69
11,12,Hypertension,15185.05,0.288086208,6144.85,1939.081818,21329.9
30,13,Hypertension,72068.45,0.155579825,13278.22,2844.889,85346.67
34,14,Hypertension,73471.17,0.189814765,17213.24,2667.188529,90684.41
35,15,Hypertension,64023.37,0.210802609,17101.29,2317.847429,81124.66
50,16,Hypertension,98888.35,0.229482176,29451.77,2566.8024,128340.12
57,17,Hypertension,108490.31,0.195522479,26367.79,2365.931579,134858.1
80,18,Hypertension,212489.01,0.182916504,47568.88,3250.723625,260057.89
79,19,Hypertension,258621.07,0.147741253,44832.63,3841.186076,303453.7
81,20,Hypertension,164565.71,0.223705822,47423.14,2617.146296,211988.85
109,21,Hypertension,261206.6,0.18277299,58418.91,2932.344128,319625.51
126,22,Hypertension,236113.37,0.222463538,67555.18,2410.067857,303668.55
162,23,Hypertension,372462.79,0.211210064,99732.37,2914.784938,472195.16
213,24,Hypertension,505451.86,0.213536018,137237.28,3017.319906,642689.14
235,25,Hypertension,584072.39,0.192903519,139598.7,3079.451447,723671.09
268,26,Hypertension,598766.23,0.216251917,165211.69,2850.663881,763977.92
312,27,Hypertension,754335.8,0.211655763,202525.13,3066.861955,956860.93
355,28,Hypertension,876855.44,0.209034992,231733.98,3122.787099,1108589.42
364,29,Hypertension,929876.32,0.203900877,238164.56,3208.903516,1168040.88
449,30,Hypertension,1313764.5,0.19496846,318177.15,3634.61392,1631941.65
459,31,Hypertension,1241950.35,0.199115371,308772.82,3378.481852,1550723.17
554,32,Hypertension,1565023.38,0.198110543,386646.35,3522.869549,1951669.73
540,33,Hypertension,1634537.86,0.203296144,417087.53,3799.306278,2051625.39
674,34,Hypertension,1986349.73,0.201323433,500701.74,3689.987344,2487051.47
721,35,Hypertension,2034926.6,0.204966666,524622.18,3549.998308,2559548.78
755,36,Hypertension,2437834.8,0.194718456,589472.63,4009.678715,3027307.43
824,37,Hypertension,2487201.2,0.204223144,638299.6,3793.083495,3125500.8
897,38,Hypertension,2852548.39,0.200349494,714695.51,3976.860535,3567243.9
991,39,Hypertension,3460140.28,0.185770739,789449.42,4288.18335,4249589.7
1026,40,Hypertension,3210410.16,0.201078008,808017.41,3916.596072,4018427.57
1125,41,Hypertension,3660483.83,0.199609978,912891.31,4065.222347,4573375.14
1284,42,Hypertension,4140443.42,0.199691011,1033112.64,4029.249268,5173556.06
1417,43,Hypertension,4879457.89,0.193597361,1171437.35,4270.215413,6050895.24
1523,44,Hypertension,5169640.27,0.201478764,1304377,4250.832088,6474017.27
1564,45,Hypertension,5496409.07,0.193580771,1319411.87,4357.941777,6815820.94
1639,46,Hypertension,5865945.24,0.192488663,1398281.24,4432.108896,7264226.48
1807,47,Hypertension,6389043.66,0.197988861,1577234.3,4408.565556,7966277.96
1901,48,Hypertension,6704330.73,0.19862479,1661701.37,4400.858548,8366032.1
1927,49,Hypertension,6806007.88,0.200838113,1710424.14,4419.528812,8516432.02
2137,50,Hypertension,8419711.58,0.192584306,2008264.54,4879.726776,10427976.12
2123,51,Hypertension,8435566.55,0.192675435,2013225.57,4921.710843,10448792.12
2251,52,Hypertension,8943208.56,0.193272252,2142574.2,4924.825749,11085782.76
2250,53,Hypertension,9138798.95,0.193228363,2188816.61,5034.495804,11327615.56
2245,54,Hypertension,9174438.12,0.194541256,2215888.44,5073.64212,11390326.56
2256,55,Hypertension,10115092.48,0.185309949,2300785.77,5503.492132,12415878.25
2326,56,Hypertension,10477325.48,0.186536,2402562.85,5537.355258,12879888.33
2291,57,Hypertension,10248062.12,0.187352793,2362652.63,5504.458643,12610714.75
2294,58,Hypertension,10646081.59,0.186071605,2433793.31,5701.77633,13079874.9
2297,59,Hypertension,11732855.23,0.180670074,2587206.64,6234.245481,14320061.87
2253,60,Hypertension,11134602.11,0.182467089,2485157.97,6045.16648,13619760.08
2189,61,Hypertension,11422624.89,0.177383058,2463090.7,6343.405934,13885715.59
2124,62,Hypertension,11456822.88,0.176359215,2453152.31,6548.952538,13909975.19
2091,63,Hypertension,11682967.1,0.171403809,2416744.23,6743.047025,14099711.33
2012,64,Hypertension,11259252.59,0.170891159,2320692.57,6749.475726,13579945.16
2197,65,Hypertension,13248710.21,0.165215853,2622111.31,7223.860501,15870821.52
2185,66,Hypertension,13357159.8,0.165626818,2651456.12,7326.597675,16008615.92
1964,67,Hypertension,12390045.92,0.164097742,2432316.15,7547.027531,14822362.07
1880,68,Hypertension,12194794.51,0.160989722,2339943.41,7731.243574,14534737.92
1785,69,Hypertension,11992590.79,0.156813235,2230344.49,7968.030969,14222935.28
1838,70,Hypertension,12322558.42,0.16004887,2348007.49,7981.809527,14670565.91
1684,71,Hypertension,11672305.94,0.156221624,2161072.91,8214.595517,13833378.85
1582,72,Hypertension,11083121.29,0.157384805,2070120.38,8314.312054,13153241.67
1433,73,Hypertension,10547570.2,0.153391087,1911039.72,8694.075311,12458609.92
1237,74,Hypertension,9498302.92,0.155333424,1746729.37,9090.567736,11245032.29
1075,75,Hypertension,8743723.51,0.150543297,1549589.24,9575.174651,10293312.75
950,76,Hypertension,8133082.3,0.148091181,1413810.65,10049.361,9546892.95
756,77,Hypertension,6756827.79,0.151037436,1202095.34,10527.6761,7958923.13
488,78,Hypertension,4318788.42,0.149288022,757886.8,10403.02299,5076675.22
240,79,Hypertension,2529548.16,0.142695387,421034.54,12294.09458,2950582.7
0,1,Osteoarthritis,0,,0,,0
0,2,Osteoarthritis,0,,0,,0
0,3,Osteoarthritis,0,,0,,0
0,4,Osteoarthritis,0,,0,,0
1,5,Osteoarthritis,45805.13,0.09456559,4783.99,50589.12,50589.12
0,6,Osteoarthritis,0,,0,,0
1,7,Osteoarthritis,3294.98,0.154276767,601.07,3896.05,3896.05
0,8,Osteoarthritis,0,,0,,0
2,9,Osteoarthritis,7229.51,0.148671166,1262.52,4246.015,8492.03
0,10,Osteoarthritis,0,,0,,0
0,11,Osteoarthritis,0,,0,,0
1,12,Osteoarthritis,0,,0,0,0
2,13,Osteoarthritis,4792.92,0.207252446,1253.04,3022.98,6045.96
2,14,Osteoarthritis,1582.35,0.269547515,583.91,1083.13,2166.26
4,15,Osteoarthritis,5844.15,0.249716918,1945.11,1947.315,7789.26
7,16,Osteoarthritis,8217.13,0.215931688,2262.99,1497.16,10480.12
4,17,Osteoarthritis,8763.66,0.308478412,3909.35,3168.2525,12673.01
8,18,Osteoarthritis,15308.9,0.236343103,4737.93,2505.85375,20046.83
5,19,Osteoarthritis,15324.12,0.196734966,3753.17,3815.458,19077.29
3,20,Osteoarthritis,3381.9,0.260541207,1191.58,1524.493333,4573.48
6,21,Osteoarthritis,16193.44,0.223458372,4659.84,3475.546667,20853.28
6,22,Osteoarthritis,2256.28,0.348827544,1208.67,577.4916667,3464.95
7,23,Osteoarthritis,15044.36,0.230343508,4502.49,2792.407143,19546.85
6,24,Osteoarthritis,26419.28,0.191178276,6244.63,5443.985,32663.91
14,25,Osteoarthritis,33618.61,0.198712691,8337.14,2996.839286,41955.75
9,26,Osteoarthritis,20211.31,0.208451901,5322.59,2837.1,25533.9
11,27,Osteoarthritis,21258.45,0.224240989,6144.97,2491.22,27403.42
16,28,Osteoarthritis,46793.03,0.225179233,13599.04,3774.504375,60392.07
15,29,Osteoarthritis,38849.76,0.186727648,8919.92,3184.645333,47769.68
23,30,Osteoarthritis,65009.99,0.218225604,18146.98,3615.520435,83156.97
15,31,Osteoarthritis,45379.11,0.185318681,10322.56,3713.444667,55701.67
13,32,Osteoarthritis,28812.11,0.224196041,8326.28,2856.799231,37138.39
14,33,Osteoarthritis,24186.46,0.208448423,6369.3,2182.554286,30555.76
25,34,Osteoarthritis,78005.1,0.205658074,20195.81,3928.0364,98200.91
22,35,Osteoarthritis,55200.57,0.210588615,14725.67,3178.465455,69926.24
25,36,Osteoarthritis,76748.62,0.220901176,21760.86,3940.3792,98509.48
42,37,Osteoarthritis,109144.97,0.207789914,28627.79,3280.30381,137772.76
38,38,Osteoarthritis,95003.23,0.232929383,28848.77,3259.263158,123852
31,39,Osteoarthritis,73838.22,0.216233487,20371.24,3039.014839,94209.46
44,40,Osteoarthritis,111766.16,0.195290259,27123.87,3156.591591,138890.03
52,41,Osteoarthritis,129902,0.202553655,32995.48,3132.643846,162897.48
62,42,Osteoarthritis,138524.13,0.206337912,36013.79,2815.127742,174537.92
60,43,Osteoarthritis,173086.42,0.203633794,44258.84,3622.421,217345.26
81,44,Osteoarthritis,239156.06,0.213659624,64982.03,3754.791235,304138.09
78,45,Osteoarthritis,274475.62,0.185235198,62401.5,4318.937436,336877.12
93,46,Osteoarthritis,247097.95,0.201804982,62472.95,3328.719355,309570.9
93,47,Osteoarthritis,296669.94,0.205483124,76726.71,4015.017742,373396.65
99,48,Osteoarthritis,362356.15,0.193506124,86941.93,4538.364444,449298.08
91,49,Osteoarthritis,325555.46,0.183928665,73374.69,4383.847802,398930.15
100,50,Osteoarthritis,341329.81,0.189145346,79620.86,4209.5067,420950.67
118,51,Osteoarthritis,411777.05,0.20097845,103574.57,4367.38661,515351.62
116,52,Osteoarthritis,416545.21,0.198741004,103318.17,4481.580862,519863.38
113,53,Osteoarthritis,383736.72,0.193394175,92005.84,4210.11115,475742.56
99,54,Osteoarthritis,352407.97,0.179025494,76847.71,4335.91596,429255.68
125,55,Osteoarthritis,530464.36,0.187585285,122483.39,5223.582,652947.75
105,56,Osteoarthritis,384461.43,0.201109412,96782.73,4583.277714,481244.16
115,57,Osteoarthritis,496745.57,0.182149285,110633.7,5281.55887,607379.27
96,58,Osteoarthritis,373513.71,0.183787967,84104.77,4766.859167,457618.48
100,59,Osteoarthritis,388160.62,0.19749483,95525.51,4836.8613,483686.13
113,60,Osteoarthritis,481011.94,0.183567256,108151.03,5213.831593,589162.97
131,61,Osteoarthritis,581053.81,0.17460667,122918.21,5373.832214,703972.02
102,62,Osteoarthritis,419665.93,0.197714292,103421.95,5128.312549,523087.88
89,63,Osteoarthritis,484416.79,0.157977852,90884.93,6464.06427,575301.72
102,64,Osteoarthritis,512873.68,0.179653663,112317.97,6129.329902,625191.65
115,65,Osteoarthritis,562833.49,0.18082722,124241.94,5974.568957,687075.43
112,66,Osteoarthritis,579255.75,0.167623621,116650.29,6213.446786,695906.04
91,67,Osteoarthritis,402047.22,0.18587525,91792.6,5426.811209,493839.82
92,68,Osteoarthritis,460062.36,0.179319998,100524.42,6093.334565,560586.78
126,69,Osteoarthritis,605307.66,0.163030162,117905.57,5739.78754,723213.23
113,70,Osteoarthritis,500520.77,0.177873589,108291.65,5387.720531,608812.42
100,71,Osteoarthritis,525131.99,0.161664461,101266.35,6263.9834,626398.34
97,72,Osteoarthritis,505572.89,0.163551299,98854.96,6231.214948,604427.85
96,73,Osteoarthritis,530600.86,0.160925499,101763.56,6587.129375,632364.42
85,74,Osteoarthritis,475552.64,0.1597195,90392.47,6658.177765,565945.11
92,75,Osteoarthritis,562339.26,0.158564202,105969.91,7264.230109,668309.17
55,76,Osteoarthritis,292132.04,0.169463939,59607.1,6395.257091,351739.14
56,77,Osteoarthritis,357266.58,0.164718984,70453.64,7637.861071,427720.22
43,78,Osteoarthritis,318376.6,0.148882989,55692.53,8699.282093,374069.13
13,79,Osteoarthritis,102852.56,0.131699613,15600.18,9111.749231,118452.74
5,1,Osteoporosis,23073.91,0.147302466,3985.99,5411.98,27059.9
6,2,Osteoporosis,14568.28,0.208528689,3838.3,3067.763333,18406.58
3,3,Osteoporosis,6708.26,0.234883315,2059.37,2922.543333,8767.63
5,4,Osteoporosis,10564.78,0.236290165,3268.72,2766.7,13833.5
10,5,Osteoporosis,70673.96,0.152085522,12676.38,8335.034,83350.34
14,6,Osteoporosis,24920.17,0.247199826,8183.13,2364.521429,33103.3
20,7,Osteoporosis,29184.83,0.24130038,9282.08,1923.3455,38466.91
25,8,Osteoporosis,39321.12,0.223705449,11331.2,2026.0928,50652.32
22,9,Osteoporosis,32948.32,0.226665646,9657.21,1936.615,42605.53
36,10,Osteoporosis,65018.83,0.225492754,18929.81,2331.906667,83948.64
44,11,Osteoporosis,67434.52,0.245599898,21953.75,2031.551591,89388.27
47,12,Osteoporosis,82559.96,0.232493219,25009.07,2288.702766,107569.03
47,13,Osteoporosis,89783.87,0.24268535,28771.7,2522.458936,118555.57
72,14,Osteoporosis,138089.29,0.247296257,45368.4,2548.023472,183457.69
104,15,Osteoporosis,212111.93,0.237880073,66206.38,2676.137596,278318.31
94,16,Osteoporosis,211286.17,0.254195601,72013.54,3013.826702,283299.71
100,17,Osteoporosis,199371.1,0.230147515,59602.02,2589.7312,258973.12
87,18,Osteoporosis,174488.34,0.239426958,54928.6,2636.976322,229416.94
90,19,Osteoporosis,191039.17,0.242735787,61236.28,2803.060556,252275.45
82,20,Osteoporosis,194230.06,0.238774494,60924.37,3111.63939,255154.43
69,21,Osteoporosis,171439.25,0.230091509,51235.59,3227.171594,222674.84
71,22,Osteoporosis,157370.4,0.237283367,48958.39,2906.039296,206328.79
84,23,Osteoporosis,181813.31,0.220541064,51442.48,2776.854643,233255.79
60,24,Osteoporosis,130282.8,0.251283904,43725.48,2900.138,174008.28
70,25,Osteoporosis,136638.35,0.234903182,41951.27,2551.280286,178589.62
104,26,Osteoporosis,261437.01,0.237749372,81543.37,3297.888269,342980.38
95,27,Osteoporosis,236211.76,0.237447213,73552.71,3260.678632,309764.47
75,28,Osteoporosis,211091.49,0.220804689,59818.11,3612.128,270909.6
92,29,Osteoporosis,202535.57,0.219645806,57007.56,2821.120978,259543.13
94,30,Osteoporosis,274066.92,0.234289145,83857.9,3807.710851,357924.82
110,31,Osteoporosis,322533.01,0.217758708,89786.07,3748.355273,412319.08
120,32,Osteoporosis,343537.05,0.225591501,100075.14,3696.76825,443612.19
124,33,Osteoporosis,324586.62,0.224966015,94216.46,3377.444194,418803.08
114,34,Osteoporosis,286489.91,0.214410134,78191.36,3198.958509,364681.27
111,35,Osteoporosis,301099.4,0.222454666,86144.13,3488.68045,387243.53
109,36,Osteoporosis,287175.22,0.233660687,87561.16,3437.94844,374736.38
131,37,Osteoporosis,373738.47,0.219973506,105397.14,3657.52374,479135.61
133,38,Osteoporosis,439812.03,0.215159327,120571.81,4213.412331,560383.84
135,39,Osteoporosis,418557.95,0.21683587,115886.79,3958.849926,534444.74
151,40,Osteoporosis,426966.31,0.221330789,121361.92,3631.312781,548328.23
168,41,Osteoporosis,584419.67,0.215300073,160348.68,4433.14494,744768.35
187,42,Osteoporosis,589268.77,0.218437219,164693.4,4031.883262,753962.17
158,43,Osteoporosis,476027.56,0.229822647,142047.69,3911.868671,618075.25
219,44,Osteoporosis,738593.76,0.210086052,196436.9,4269.546393,935030.66
206,45,Osteoporosis,726011.85,0.214464785,198213.87,4486.532621,924225.72
233,46,Osteoporosis,736187.61,0.218352747,205653.62,4042.237039,941841.23
261,47,Osteoporosis,871764.6,0.22072434,246921.18,4286.152414,1118685.78
264,48,Osteoporosis,878916.57,0.221544698,250135.5,4276.712386,1129052.07
366,49,Osteoporosis,1226628.65,0.223626248,353317.41,4316.792514,1579946.06
393,50,Osteoporosis,1390971.32,0.220821155,394204.61,4542.432392,1785175.93
528,51,Osteoporosis,1808508.35,0.219531669,508700.79,4388.653674,2317209.14
591,52,Osteoporosis,2018526.14,0.226138107,589854.19,4413.503096,2608380.33
622,53,Osteoporosis,2203110.76,0.221141844,625531.07,4547.655675,2828641.83
628,54,Osteoporosis,2267611.29,0.222133462,647556.26,4641.986545,2915167.55
706,55,Osteoporosis,2591757.26,0.220630113,733694.88,4710.272153,3325452.14
727,56,Osteoporosis,2540812.71,0.22748482,748200.6,4524.089835,3289013.31
790,57,Osteoporosis,3135003.13,0.222354231,896399.41,5103.04119,4031402.54
798,58,Osteoporosis,2999851.11,0.227218776,882038.12,4864.522845,3881889.23
770,59,Osteoporosis,3049820.34,0.218107529,850742.02,5065.665403,3900562.36
791,60,Osteoporosis,3107211.19,0.218348768,867977.57,5025.523085,3975188.76
781,61,Osteoporosis,3459263.41,0.207941016,908168.16,5592.101882,4367431.57
741,62,Osteoporosis,3223912.18,0.213349452,874365.24,5530.738758,4098277.42
700,63,Osteoporosis,2987504.96,0.214629822,816440.04,5434.207143,3803945
680,64,Osteoporosis,3428345.32,0.200730149,861001.16,6307.862471,4289346.48
735,65,Osteoporosis,3653123.42,0.194260492,880753.08,6168.539456,4533876.5
816,66,Osteoporosis,4034814.08,0.194827138,976301.26,6141.072721,5011115.34
702,67,Osteoporosis,3574533.82,0.191757053,848064.4,6299.997464,4422598.22
660,68,Osteoporosis,3720463.97,0.185134194,845274.27,6917.785212,4565738.24
693,69,Osteoporosis,3599174.05,0.193106167,861355.83,6436.551053,4460529.88
664,70,Osteoporosis,3558170.77,0.184850009,806879.6,6573.871039,4365050.37
715,71,Osteoporosis,3996605.24,0.187703231,923524.19,6881.299902,4920129.43
646,72,Osteoporosis,3737720.8,0.182631681,835151.32,7078.749412,4572872.12
562,73,Osteoporosis,3192064.44,0.184420704,721797.1,6964.166441,3913861.54
542,74,Osteoporosis,3202113.22,0.186226347,732780.97,7259.95238,3934894.19
453,75,Osteoporosis,3010155.07,0.175632346,641316.52,8060.643687,3651471.59
389,76,Osteoporosis,2643320.76,0.180159361,580867.74,8288.402314,3224188.5
318,77,Osteoporosis,2323913.51,0.173922264,489276.35,8846.508994,2813189.86
212,78,Osteoporosis,1536417.8,0.178185843,333126.29,8818.604198,1869544.09
109,79,Osteoporosis,745060.29,0.187591881,172040.7,8413.77055,917100.99
1,1,Rheumatoid Arthritis,4636.28,0.145493284,789.4,5425.68,5425.68
5,2,Rheumatoid Arthritis,16431.81,0.2247358,4763.3,4239.022,21195.11
3,3,Rheumatoid Arthritis,3767.65,0.17780702,814.79,1527.48,4582.44
3,4,Rheumatoid Arthritis,9317.83,0.242316709,2979.96,4099.263333,12297.79
5,5,Rheumatoid Arthritis,59541.52,0.125587229,8551.63,13618.63,68093.15
4,6,Rheumatoid Arthritis,11265.48,0.262607307,4011.97,3819.3625,15277.45
2,7,Rheumatoid Arthritis,8653.05,0.145624176,1474.87,5063.96,10127.92
6,8,Rheumatoid Arthritis,8318.81,0.277706773,3198.41,1919.536667,11517.22
4,9,Rheumatoid Arthritis,12649.91,0.208432228,3330.92,3995.2075,15980.83
4,10,Rheumatoid Arthritis,10234.7,0.222425496,2927.64,3290.585,13162.34
5,11,Rheumatoid Arthritis,18398.96,0.198330341,4551.84,4590.16,22950.8
4,12,Rheumatoid Arthritis,3841.41,0.172061736,798.32,1159.9325,4639.73
11,13,Rheumatoid Arthritis,28830.78,0.249088343,9563.59,3490.397273,38394.37
6,14,Rheumatoid Arthritis,11802.8,0.241713347,3762.29,2594.181667,15565.09
6,15,Rheumatoid Arthritis,13806.19,0.227851655,4074.04,2980.038333,17880.23
10,16,Rheumatoid Arthritis,18339.8,0.198749091,4549.16,2288.896,22888.96
6,17,Rheumatoid Arthritis,11376.08,0.235954996,3513.2,2481.546667,14889.28
8,18,Rheumatoid Arthritis,25642.77,0.233686594,7819.74,4182.81375,33462.51
7,19,Rheumatoid Arthritis,11630.57,0.210605869,3102.97,2104.791429,14733.54
7,20,Rheumatoid Arthritis,17826.29,0.241408644,5672.91,3357.028571,23499.2
9,21,Rheumatoid Arthritis,29911.56,0.215272915,8205.59,4235.238889,38117.15
11,22,Rheumatoid Arthritis,42199.47,0.206095196,10954.85,4832.210909,53154.32
15,23,Rheumatoid Arthritis,64841,0.206902532,16915.66,5450.444,81756.66
14,24,Rheumatoid Arthritis,42467.74,0.21808174,11844.51,3879.446429,54312.25
9,25,Rheumatoid Arthritis,26085.74,0.19303777,6240.11,3591.761111,32325.85
8,26,Rheumatoid Arthritis,16947.41,0.236560854,5251.36,2774.84625,22198.77
19,27,Rheumatoid Arthritis,76932.34,0.221474585,21885.68,5200.948421,98818.02
14,28,Rheumatoid Arthritis,47166.06,0.227754247,13910.43,4362.606429,61076.49
14,29,Rheumatoid Arthritis,44259.81,0.205150953,11423.48,3977.377857,55683.29
17,30,Rheumatoid Arthritis,92923.02,0.163283758,18133.77,6532.752353,111056.79
18,31,Rheumatoid Arthritis,65208.16,0.216669305,18036.58,4624.707778,83244.74
27,32,Rheumatoid Arthritis,77135.55,0.199748706,19253.61,3569.968889,96389.16
23,33,Rheumatoid Arthritis,89295.92,0.205423371,23085.84,4886.163478,112381.76
27,34,Rheumatoid Arthritis,83385.24,0.216867122,23091.25,3943.573704,106476.49
21,35,Rheumatoid Arthritis,78835.63,0.22282737,22603.39,4830.429524,101439.02
32,36,Rheumatoid Arthritis,111280.89,0.211440414,29838.3,4409.974688,141119.19
35,37,Rheumatoid Arthritis,129053.53,0.214028283,35142.62,4691.318571,164196.15
28,38,Rheumatoid Arthritis,149577.8,0.1842712,33789.27,6548.823929,183367.07
33,39,Rheumatoid Arthritis,182513.3,0.180683735,40249.64,6750.392121,222762.94
47,40,Rheumatoid Arthritis,154712.97,0.21703174,42885.04,4204.212979,197598.01
28,41,Rheumatoid Arthritis,119023.72,0.197700677,29329.54,5298.330714,148353.26
43,42,Rheumatoid Arthritis,184193.04,0.197402344,45303.07,5337.118837,229496.11
52,43,Rheumatoid Arthritis,207048.58,0.205685939,53614.79,5012.757115,260663.37
74,44,Rheumatoid Arthritis,292645.48,0.186424983,67057.65,4860.853108,359703.13
43,45,Rheumatoid Arthritis,225844.67,0.195197606,54776.6,6526.076047,280621.27
50,46,Rheumatoid Arthritis,263715.89,0.175554897,56154.88,6397.4154,319870.77
61,47,Rheumatoid Arthritis,302812.54,0.196494238,74051.64,6178.101311,376864.18
51,48,Rheumatoid Arthritis,232693.44,0.184935731,52797.47,5597.86098,285490.91
64,49,Rheumatoid Arthritis,278832.68,0.202437874,70773.54,5462.597188,349606.22
60,50,Rheumatoid Arthritis,271686.86,0.190266937,63839.59,5592.1075,335526.45
84,51,Rheumatoid Arthritis,405715.95,0.202269238,102871.62,6054.613929,508587.57
69,52,Rheumatoid Arthritis,323429.64,0.190075635,75903.5,5787.436812,399333.14
78,53,Rheumatoid Arthritis,387890.23,0.198693108,96181.77,6206.051282,484072
77,54,Rheumatoid Arthritis,380848.2,0.200026517,95227.83,6182.805584,476076.03
83,55,Rheumatoid Arthritis,372136.13,0.19647247,90991.91,5579.855904,463128.04
94,56,Rheumatoid Arthritis,439595.15,0.198312137,108741.89,5833.372766,548337.04
97,57,Rheumatoid Arthritis,473361,0.193611652,113652.69,6051.687526,587013.69
86,58,Rheumatoid Arthritis,535701.02,0.196072381,130653.77,7748.311512,666354.79
89,59,Rheumatoid Arthritis,504398.54,0.193477994,121001.06,7026.961798,625399.6
100,60,Rheumatoid Arthritis,550373.86,0.179625319,120507.23,6708.8109,670881.09
90,61,Rheumatoid Arthritis,445437.44,0.184501888,100777.73,6069.057444,546215.17
83,62,Rheumatoid Arthritis,520514.61,0.178471731,113078.45,7633.651325,633593.06
72,63,Rheumatoid Arthritis,394997.89,0.194141344,95159.89,6807.746944,490157.78
93,64,Rheumatoid Arthritis,575890.24,0.176367187,123317.26,7518.360215,699207.5
83,65,Rheumatoid Arthritis,534021.28,0.169267611,108810.62,7744.962651,642831.9
81,66,Rheumatoid Arthritis,520842.6,0.164298049,102397.06,7694.31679,623239.66
71,67,Rheumatoid Arthritis,460190.03,0.168668301,93367.63,7796.586761,553557.66
85,68,Rheumatoid Arthritis,544651.71,0.16985677,111441.95,7718.748941,656093.66
68,69,Rheumatoid Arthritis,389179.07,0.182439834,86845.92,7000.3675,476024.99
71,70,Rheumatoid Arthritis,566656.78,0.153487158,102744.5,9428.187042,669401.28
63,71,Rheumatoid Arthritis,385567.72,0.176187783,82460.93,7429.02619,468028.65
61,72,Rheumatoid Arthritis,480252.72,0.158548326,90490.36,9356.443934,570743.08
36,73,Rheumatoid Arthritis,211723.28,0.183029755,47433.38,7198.796111,259156.66
53,74,Rheumatoid Arthritis,444276.09,0.152999383,80252.56,9896.766981,524528.65
38,75,Rheumatoid Arthritis,265734.82,0.176205599,56839.38,8488.794737,322574.2
44,76,Rheumatoid Arthritis,466304.92,0.151851193,83486.48,12495.25909,549791.4
37,77,Rheumatoid Arthritis,358760.46,0.160160643,68417.02,11545.3373,427177.48
16,78,Rheumatoid Arthritis,144155.94,0.142227362,23902.51,10503.65313,168058.45
11,79,Rheumatoid Arthritis,138613.69,0.139019521,22381.47,14635.92364,160995.16